INSERT INTO user VALUES
('000001', 'super_admin', '123456', '0'),
('000002', 'admin1', '123456', '1'),
('000003', 'admin2', '123456', '1'),
('000004', 'admin3', '123456', '1'),
('000005', 'user1', '123456', '2'),
('000006', 'user2', '123456', '2'),
('000007', 'user3', '123456', '2'),
('000008', 'user4', '123456', '2'),
('000009', 'user5', '123456', '2'),
('000010', 'user6', '123456', '2'),
('000011', 'user7', '123456', '2'),
('000012', 'user8', '123456', '2'),
('000013', 'user9', '123456', '2');

INSERT INTO adminuser VALUES
('000001', '张三', '0'),
('000002', '李四', '1'),
('000003', '李华', '1'),
('000004', '小明', '1');

INSERT INTO librarycard VALUES
('000005', '张华', '男', '15648752102', '2018-06-10', '2022-06-10', 0, 0),
('000006', '王小伟', '男', '18648752102', '2018-07-10', '2022-06-10', 0, 0),
('000007', '王莞尔', '女', '15548752102', '2018-08-10', '2022-05-10', 0, 0),
('000008', '张明华', '男', '15148752102', '2018-09-10', '2022-04-10', 0, 0),
('000009', '李一琛', '男', '18864521245', '2018-01-10', '2022-03-10', 0, 0),
('000010', '张无忌', '男', '19865421201', '2018-02-10', '2022-02-10', 0, 0),
('000011', '李二狗', '男', '19865421202', '2018-03-10', '2022-01-10', 0, 0),
('000012', '王小明', '男', '19865421209', '2018-04-10', '2022-08-10', 0, 0),
('000013', '房峰辉', '男', '19865421258', '2018-05-10', '2022-05-10', 0, 0);

INSERT INTO book VALUES
('9787530216835', '大雪中的山庄', '东野圭吾', '北京十月文艺出版社', '小说'),
('9787544270878', '解忧杂货店', '东野圭吾', '南海出版公司', '小说'),
('9787500601593', '红岩', '罗广斌,杨益言', '中国青年出版社', '小说'),
('9787544270890', '梁家河', '《梁家河》编写组', '陕西人民出版社有限责任公司', '小说'),
('9787201089140', '朝花夕拾', '鲁迅', '天津人民出版社有限公司', '文艺'),
('9787544763981', '傅雷家书', '傅雷', '南海出版公司', '文艺'),
('9787535447340', '文化苦旅', '余秋雨', '南海出版公司', '文艺'),
('9787208061644', '追风筝的人', '卡勒德·胡赛尼', '南海出版公司', '小说');

INSERT INTO inventory VALUES
('000001', '9787530216835', '2010-01-01', 'F1-C101', 0, '000001'),
('000011', '9787530216835', '2010-01-01', 'F1-C101', 0, '000001'),
('000012', '9787530216835', '2010-01-01', 'F1-C101', 0, '000001'),
('000013', '9787530216835', '2010-01-01', 'F1-C101', 1, '000001'),
('000014', '9787530216835', '2010-01-01', 'F1-C101', 1, '000001'),
('000015', '9787530216835', '2010-01-01', 'F1-C101', 1, '000001'),
('000002', '9787544270878', '2010-01-01', 'F1-C101', 0, '000001'),
('000021', '9787544270878', '2010-01-01', 'F1-C101', 0, '000001'),
('000022', '9787544270878', '2010-01-01', 'F1-C101', 0, '000001'),
('000023', '9787544270878', '2010-01-01', 'F1-C101', 1, '000001'),
('000024', '9787544270878', '2010-01-01', 'F1-C101', 1, '000001'),
('000025', '9787544270878', '2010-01-01', 'F1-C101', 1, '000001'),
('000003', '9787500601593', '2010-01-01', 'F1-C101', 0, '000001'),
('000004', '9787544270890', '2010-01-01', 'F1-C101', 0, '000001'),
('000005', '9787201089140', '2010-01-01', 'F1-C101', 0, '000001'),
('000006', '9787544763981', '2010-01-01', 'F1-C101', 0, '000001'),
('000007', '9787535447340', '2010-01-01', 'F1-C101', 0, '000001'),
('000008', '9787208061644', '2010-01-01', 'F1-C101', 0, '000001');


INSERT INTO readbook VALUES
(null, '000001', '000005', '2019-04-01', null, '2019-07-01'),
(null, '000002', '000005', '2019-01-01', null, '2019-04-01'),
(null, '000003', '000005', '2019-01-01', '2019-02-01', '2019-04-01'),
(null, '000004', '000005', '2019-01-01', '2019-03-01', '2019-04-01');


